Workbook

Sheet Odisha Colleges Directory
A1: ODISHA UNIVERSITIES & COLLEGES — VERIFIED OFFICIAL WEBSITE & EMAIL DIRECTORY
A2: Comprehensive Directory of 1054 Verified Institutions Across Odisha | Dead/Non-Opening Websites Removed & Replaced | Official Emails Validated
A3: Type | B3: Name | C3: Parent / Affiliating University | D3: City / District | E3: Official Website | F3: Contact Office / Person | G3: Official Email | H3: Email Source | I3: Verification Status | J3: Notes
A4: State Public University (affiliating) | B4: Utkal University | C4: State Public University (Main Campus) | D4: Bhubaneswar, Khordha | E4: https://utkaluniversity.ac.in | F4: Registrar; Vice-Chancellor's Secretariat; Director CDC (Prof. Jayanti Dora) | G4: vc@utkaluniversity.ac.in; registrar@utkaluniversity.ac.in; directorcdcuu@gmail.com | H4: VC/CDC email: Utkal AICTE Mandatory Disclosure & CDC portal. Registrar email: collegeadmission.in directory | I4: Verified (Website & Email) | J4: Affiliates 447 colleges (16 autonomous) per Information Bulletin 2026-27. Medical/para-medical and law colleges moved to OUHS / Madhusudan Law University.
A5: Affiliated College | B5: BJB Autonomous College | C5: Utkal University | D5: Bhubaneswar, Khordha | E5: https://bjbcollege.in | F5: Principal | G5: principal.BJB@bjbcollege.in; bjbcollege123@gmail.com; bjbcollege1957@gmail.com | H5: UGC Autonomous Colleges Portal report & AISHE DCF on bjbcollege.in | I5: Verified (Website & Email) | J5: Autonomous since 1999
A6: Affiliated College | B6: Christ College (Autonomous) | C6: Utkal University | D6: Cuttack | E6: https://christcollege.ac.in | F6: Principal's Office | G6: christcollege.ctc@gmail.com; info@christcollege.ac.in | H6: Official college website & SAMS Odisha directory | I6: Verified (Website & Email) | J6: Autonomous college under Utkal University
A7: Affiliated College | B7: SCS Autonomous College | C7: Utkal University | D7: Puri | E7: https://scscollege.nic.in | F7: Principal's Office | G7: principalscsacollege@gmail.com; prinscscollege@gmail.com | H7: Official NIC college website & Utkal University directory | I7: Verified (Website & Email) | J7: Government Autonomous College
A8: Affiliated College | B8: Salipur Autonomous College | C8: Utkal University | D8: Salipur, Cuttack | E8: https://www.salipurcollege.ac.in | F8: Principal's Office | G8: principalsalipurcollege@gmail.com; salipurcollege@gmail.com | H8: Official college website (salipurcollege.ac.in) & Utkal directory | I8: Verified (Website & Email) | J8: Autonomous (Website updated from https://salipurcollege.org)
A9: Affiliated College | B9: Banki Autonomous College | C9: Utkal University | D9: Banki, Cuttack | E9: https://bankicollege.ac.in | F9: Principal's Office | G9: bankiautocoll@yahoo.co.in; bankicollege@gmail.com | H9: Official college website (bankicollege.ac.in) & Utkal directory | I9: Verified (Website & Email) | J9: Autonomous
A10: Affiliated College | B10: NC Autonomous College | C10: Utkal University | D10: Jajpur | E10: https://ncac.in | F10: Principal's Office | G10: ncacjajpur@gmail.com; ncautonomouscollege@gmail.com | H10: Official college website (ncac.in) & Utkal directory | I10: Verified (Website & Email) | J10: Autonomous
A11: Affiliated College | B11: V.N. Autonomous College | C11: Utkal University | D11: Jajpur Road, Jajpur | E11: https://vnautocollege.in | F11: Principal's Office | G11: vyasanagarautocollege@gmail.com; vncjajpurroad@gmail.com | H11: Official college website (vnautocollege.in) & Utkal directory | I11: Verified (Website & Email) | J11: Autonomous
A12: Affiliated College | B12: P.N. Autonomous College | C12: Utkal University | D12: Khordha | E12: https://pnautonomouscollege.in | F12: Principal's Office | G12: prananathcollege@yahoo.in; pnc.khurda@gmail.com | H12: Official college website (pnautonomouscollege.in) & Utkal directory | I12: Verified (Website & Email) | J12: Autonomous
A13: Affiliated College | B13: Government Autonomous College, Angul | C13: Utkal University | D13: Angul | E13: http://www.gaca.nic.in | F13: Dr. K.C. Padhy (Principal) | G13: principalgaca@gmail.com; principalgacangul@gmail.com | H13: Official college website (gaca.nic.in) & OJEE/Utkal directory | I13: Verified (Website & Email) | J13: Government Autonomous (Website updated from https://gacangul.ac.in)
A14: Affiliated College | B14: Dhenkanal Autonomous College | C14: Utkal University | D14: Dhenkanal | E14: https://dhenkanalcollege.ac.in | F14: Principal's Office | G14: principaldklcol@gmail.com; samsdklcollege@gmail.com | H14: Official college website (dhenkanalcollege.ac.in) & Utkal directory | I14: Verified (Website & Email) | J14: Government Autonomous (Website updated from https://dhenkanalcollege.nic.in)
... A1057: Affiliated Management (MBA) College | B1057: Zenith School of Management, Pitapalli, Khordha | C1057: Biju Patnaik University of Technology (BPUT) | D1057: Khordha | E1057: - | F1057: Sanjib Pattnaik | G1057: zsomodisha@gmail.com | H1057: OJEE Official MBA Institutions Directory (odishajee.com) | I1057: Verified (Email Only) | J1057: AICTE / BPUT affiliated MBA institution

Sheet Summary & Audit Dashboard
A1: EXECUTIVE SUMMARY — ODISHA HIGHER EDUCATION WEBSITE & EMAIL VERIFICATION AUDIT
A2: Dynamic Breakdown by Affiliating University, Website Accessibility Audit & Official Email Validation Coverage
A4: TOTAL VERIFIED INSTITUTIONS | C4: ACTIVE OFFICIAL WEBSITES | E4: EMAIL-ONLY INSTITUTIONS | G4: VALIDATED EMAIL COVERAGE
A5: =COUNTA('Odisha Colleges Directory'!$B$4:$B$1057) -> 1054 | C5: =COUNTIF('Odisha Colleges Directory'!$I$4:$I$1057, "Verified (Website & Email)") -> 300 | E5: =COUNTIF('Odisha Colleges Directory'!$I$4:$I$1057, "Verified (Email Only)") -> 754 | G5: =COUNTIF('Odisha Colleges Directory'!$G$4:$G$1057, "*@*") / COUNTA('Odisha Colleges Directory'!$B$4:$B$1057) -> 1
A6: Across All 30 Odisha Districts | C6: Live & Validated Domains | E6: Dead/Missing URLs Removed | G6: 100% Official Email Verified
A8: Affiliating University / Category | B8: Total Institutions | C8: Active Website & Email | D8: Email Only (No Active Site) | E8: Active Website Share
A9: Utkal University | B9: =COUNTIF('Odisha Colleges Directory'!$C$4:$C$1057, A9) -> 253 | C9: =COUNTIFS('Odisha Colleges Directory'!$C$4:$C$1057, A9, 'Odisha Colleges Directory'!$I$4:$I$1057, "Verified (Website & Email)") -> 96 | D9: =COUNTIFS('Odisha Colleges Directory'!$C$4:$C$1057, A9, 'Odisha Colleges Directory'!$I$4:$I$1057, "Verified (Email Only)") -> 157 | E9: =IF(B9>0, C9/B9, 0) -> 0.37944664
A10: Biju Patnaik University of Technology (BPUT) | B10: =COUNTIF('Odisha Colleges Directory'!$C$4:$C$1057, A10) -> 192 | C10: =COUNTIFS('Odisha Colleges Directory'!$C$4:$C$1057, A10, 'Odisha Colleges Directory'!$I$4:$I$1057, "Verified (Website & Email)") -> 61 | D10: =COUNTIFS('Odisha Colleges Directory'!$C$4:$C$1057, A10, 'Odisha Colleges Directory'!$I$4:$I$1057, "Verified (Email Only)") -> 131 | E10: =IF(B10>0, C10/B10, 0) -> 0.31770833
A11: Sambalpur University | B11: =COUNTIF('Odisha Colleges Directory'!$C$4:$C$1057, A11) -> 143 | C11: =COUNTIFS('Odisha Colleges Directory'!$C$4:$C$1057, A11, 'Odisha Colleges Directory'!$I$4:$I$1057, "Verified (Website & Email)") -> 29 | D11: =COUNTIFS('Odisha Colleges Directory'!$C$4:$C$1057, A11, 'Odisha Colleges Directory'!$I$4:$I$1057, "Verified (Email Only)") -> 114 | E11: =IF(B11>0, C11/B11, 0) -> 0.2027972
A12: Berhampur University | B12: =COUNTIF('Odisha Colleges Directory'!$C$4:$C$1057, A12) -> 100 | C12: =COUNTIFS('Odisha Colleges Directory'!$C$4:$C$1057, A12, 'Odisha Colleges Directory'!$I$4:$I$1057, "Verified (Website & Email)") -> 10 | D12: =COUNTIFS('Odisha Colleges Directory'!$C$4:$C$1057, A12, 'Odisha Colleges Directory'!$I$4:$I$1057, "Verified (Email Only)") -> 90 | E12: =IF(B12>0, C12/B12, 0) -> 0.1
A13: Fakir Mohan University | B13: =COUNTIF('Odisha Colleges Directory'!$C$4:$C$1057, A13) -> 87 | C13: =COUNTIFS('Odisha Colleges Directory'!$C$4:$C$1057, A13, 'Odisha Colleges Directory'!$I$4:$I$1057, "Verified (Website & Email)") -> 13 | D13: =COUNTIFS('Odisha Colleges Directory'!$C$4:$C$1057, A13, 'Odisha Colleges Directory'!$I$4:$I$1057, "Verified (Email Only)") -> 74 | E13: =IF(B13>0, C13/B13, 0) -> 0.14942529
A14: Rajendra University | B14: =COUNTIF('Odisha Colleges Directory'!$C$4:$C$1057, A14) -> 54 | C14: =COUNTIFS('Odisha Colleges Directory'!$C$4:$C$1057, A14, 'Odisha Colleges Directory'!$I$4:$I$1057, "Verified (Website & Email)") -> 2 | D14: =COUNTIFS('Odisha Colleges Directory'!$C$4:$C$1057, A14, 'Odisha Colleges Directory'!$I$4:$I$1057, "Verified (Email Only)") -> 52 | E14: =IF(B14>0, C14/B14, 0) -> 0.037037037
A15: Rama Devi Women's University | B15: =COUNTIF('Odisha Colleges Directory'!$C$4:$C$1057, A15) -> 45 | C15: =COUNTIFS('Odisha Colleges Directory'!$C$4:$C$1057, A15, 'Odisha Colleges Directory'!$I$4:$I$1057, "Verified (Website & Email)") -> 1 | D15: =COUNTIFS('Odisha Colleges Directory'!$C$4:$C$1057, A15, 'Odisha Colleges Directory'!$I$4:$I$1057, "Verified (Email Only)") -> 44 | E15: =IF(B15>0, C15/B15, 0) -> 0.022222222
A16: Maa Manikeshwari University | B16: =COUNTIF('Odisha Colleges Directory'!$C$4:$C$1057, A16) -> 43 | C16: =COUNTIFS('Odisha Colleges Directory'!$C$4:$C$1057, A16, 'Odisha Colleges Directory'!$I$4:$I$1057, "Verified (Website & Email)") -> 1 | D16: =COUNTIFS('Odisha Colleges Directory'!$C$4:$C$1057, A16, 'Odisha Colleges Directory'!$I$4:$I$1057, "Verified (Email Only)") -> 42 | E16: =IF(B16>0, C16/B16, 0) -> 0.023255814
A17: Madhusudan Law University | B17: =COUNTIF('Odisha Colleges Directory'!$C$4:$C$1057, A17) -> 33 | C17: =COUNTIFS('Odisha Colleges Directory'!$C$4:$C$1057, A17, 'Odisha Colleges Directory'!$I$4:$I$1057, "Verified (Website & Email)") -> 2 | D17: =COUNTIFS('Odisha Colleges Directory'!$C$4:$C$1057, A17, 'Odisha Colleges Directory'!$I$4:$I$1057, "Verified (Email Only)") -> 31 | E17: =IF(B17>0, C17/B17, 0) -> 0.060606061
A18: Odisha University of Health Sciences (OUHS) | B18: =COUNTIF('Odisha Colleges Directory'!$C$4:$C$1057, A18) -> 26 | C18: =COUNTIFS('Odisha Colleges Directory'!$C$4:$C$1057, A18, 'Odisha Colleges Directory'!$I$4:$I$1057, "Verified (Website & Email)") -> 18 | D18: =COUNTIFS('Odisha Colleges Directory'!$C$4:$C$1057, A18, 'Odisha Colleges Directory'!$I$4:$I$1057, "Verified (Email Only)") -> 8 | E18: =IF(B18>0, C18/B18, 0) -> 0.69230769
A19: Dharanidhar University | B19: =COUNTIF('Odisha Colleges Directory'!$C$4:$C$1057, A19) -> 12 | C19: =COUNTIFS('Odisha Colleges Directory'!$C$4:$C$1057, A19, 'Odisha Colleges Directory'!$I$4:$I$1057, "Verified (Website & Email)") -> 1 | D19: =COUNTIFS('Odisha Colleges Directory'!$C$4:$C$1057, A19, 'Odisha Colleges Directory'!$I$4:$I$1057, "Verified (Email Only)") -> 11 | E19: =IF(B19>0, C19/B19, 0) -> 0.083333333
A20: State Public University (Main Campus) | B20: =COUNTIF('Odisha Colleges Directory'!$C$4:$C$1057, A20) -> 24 | C20: =COUNTIFS('Odisha Colleges Directory'!$C$4:$C$1057, A20, 'Odisha Colleges Directory'!$I$4:$I$1057, "Verified (Website & Email)") -> 24 | D20: =COUNTIFS('Odisha Colleges Directory'!$C$4:$C$1057, A20, 'Odisha Colleges Directory'!$I$4:$I$1057, "Verified (Email Only)") -> 0 | E20: =IF(B20>0, C20/B20, 0) -> 1
... A27: Utkal University of Culture | B27: =COUNTIF('Odisha Colleges Directory'!$C$4:$C$1057, A27) -> 1 | C27: =COUNTIFS('Odisha Colleges Directory'!$C$4:$C$1057, A27, 'Odisha Colleges Directory'!$I$4:$I$1057, "Verified (Website & Email)") -> 1 | D27: =COUNTIFS('Odisha Colleges Directory'!$C$4:$C$1057, A27, 'Odisha Colleges Directory'!$I$4:$I$1057, "Verified (Email Only)") -> 0 | E27: =IF(B27>0, C27/B27, 0) -> 1
A28: Total Verified Odisha Institutions | B28: =SUM(B9:B27) -> 1054 | C28: =SUM(C9:C27) -> 300 | D28: =SUM(D9:D27) -> 754 | E28: =C28/B28 -> 0.28462998
